ArtworkID,ArtworkName,Image,ArtistID
101,Abstract Art 1, iVBORw0KGgoAAAANSUhEUgAAAEAAAABACAIAAAAlC+aJAAAE9ElEQVR4nOza+1NUZRgHcFZX0ZJ0BbxGtIKr5h3TiAIKTJNAbZkFyguXtBG5xKiIpXFXWaNhENloiBmC5FKDhBAGOojJxI5FriEwgSSwbSBxkRGQhYR+6vvtPzidmfP89DmIyz7zvuec533eV+5+tsni3+iZmQ3Pm9DC7xVnwgFr/eBJmz9hk9IDNjiGwaptz8JFu7+H9zf/AO8MTYId3rCHo9Iq4elWZfBlt1R4moXIQ0pA6JDr3+3DxWDdBtjuPudrmWUdXDE5Az5WtA+efscJ9tSvhD1cV8Putndhs0U/XOn+FNypC4aDy/kdlHp/OKF6Pyz6EZASEDpkUcd54TxnOexY2QYnZifD8THz4TqfFnhDwCr4J9kKuPcdZ1i1WQ/P8omHPfI3wnFavnPUWgWsa+R3e1DRDYt+BKQEhA75gf6ZuBjXnYAfWbjCT15fAL8dyGd5uGU+nHJrERzrPARrWlgLeal+4c+3eMMHR9Swuw/vn/6TrItKz7H+2bFlCyz6EZASEDpktapPcTEQyhrddtVf8OHw0/wftjlgYbAdPDuOa4m5VTdhY90w3GX+HN599Toc0r8OnjGrGC7xeRW2W/ARP9M1DRb9CEgJCB1yS3vW7j4azksb/Uuww4gGTgr9Du51MMK+rr/DYY3lcERWB7w8qwr+2HwInq2PgJN7b8Phvrw3Ui+0w8a0B7DoR0BKQOiQVf3GeX/61yC4oHU7/L4n5+td51H4wzQ+s9tLFsNGE5/3HvNY27ioivjzaNb0CkUpPNDuAk+9dg2+tr4L9s+Q+kL/nxB9ArKh2HO4qCp+HrY+zH7lspZ0OOTeTrjQaxyeq0iArxh74eH1nOvdKy7Cflq+Z6zHeJ88LjfBsZHb4PVLz8M6RQEs+hGQEhA65HMcbuBi1MXAf0j/Gy5sYw9UXst7Jv7hVjg/5Ah8Oycc1p/yhK3D1sKZ6VxLKCIbYcdPuP62vMdn/15f9ohMxWOw6EdASkDokGWM83m/w4t9m/qeW3CzmXNavZl10SYPztFNMZNwUAJ7TYZpbvBnm7lu9husgU81LIVD276C38x/CA8p2ZOtz+AaXfQjICUgdMhiAm1wYePGHvzsoydhh628T8pr8mD77dwv07Vyr+BmEt8t3cv47D90fQlcePE+rF71NXyM280WNiemYE0U98Wm+ngviX4EpASEDtnKPvZYjsRyLsbFswevLmAtHuyZC/9cyGd8TuBj+NEi1jnWtazdlRuD4NWlXEt0vtzB3x9eA9+o7ISd+mz5+c9Ew6IfASkBoUOmXcMaI/JqAxxy6Uu4eYQ9ykm3CdhwlP3Kpxdxf817OvtFXboX4ZEs9k9dRljzvNC8B87W8Hdya67wb1VzHy1Z8y0s+hGQEhA65EucSnDh1MS6f2zwILznR9ZC1bnu8Jl4OXw5gufnon25b2AOYS2Ut41r6w3rqmFDXi0ce5w9KPV/3gOJRU/g1OazsOhHQEpA6JBp9/GsjmKUPc1gb+6F3bHqgU1ZH8ALTctgexPPihoN7BediboEn+9gfWX93ABcP4fvkPmtGXD4F2/BKSYzHDZxARb9CEgJCB0ylZJ1RdkBnmmr2MX3wDeJPDfhv4u9o4A87nnZKeP4qXN5rsGq8w94cQrPES0s4XnVADPvPWPmK7BjDNfrDVaBcNNenkUV/QhICQgd/wQAAP//ClV/KujoKhAAAAAASUVORK5CYII=,1
102,Bronze Sculpture 1,iVBORw0KGgoAAAANSUhEUgAAAEAAAABACAIAAAAlC+aJAAAE+klEQVR4nOza6VNVdRgH8HvselN0UNQWrISUQBFIkQjNRJYiEeFCI6JZYgRCVsogiIyKA7FkXRAQQYQBxiEINJQQAykQDQOEmUhQtklkmYtQCgGXpYFe9f32H5w5M+d59fk51zM885zl+S3KJV5Niv9i6wUTuL/vAJw25w5sr0uEa2bN4a4SC7jTrRvWGm2EHRQ34HWfvAl7V8bD147/Aes9XAfndmyHGwuD4TkKiYecgNgh9FraY6AK1oPTVdFwWpM77N3nDM/EV8L9B1PhQM1q/mZ3OjxSVgQvvB4LT2Xz9/rjnnBIZy58xXcQvuE8Aku+AnICYodgpC3BoLusH37q3QJHGqyBMwat4Ok2M1hTx993aZ+HV1xzg2fS98Bbj0TBv/4+D1Y3/wU3OPO7UVv+Lrwli8+t5CsgJyB2CIuGPsNAU50FDwzeh20TlsPDLfwOuIYvgh/FnoAtVrnAl+0d4NQ2vte33+P9nXb3RdjESwn7xOTDS25mwo6GQbDkKyAnIHYoXeLuYZAdmQRvO8a5weKTrrBqcR6sniqA02oOwQ2vJcNegezvIyy3wJURM7DPcABsbPkBnGC7AzapaIeD8thTSb4CcgJih7C44BIGIXp/wtP67HOClu6Dz/mPwxaz7G1eNuWcNWblZdim/Sz87R5L2Dl0L69ZxmdA4/QsbCZcga82NMOhpp/Ckq+AnIDYoXw/ne/U/XYrYM/bx+EvqifgqhOGsM/hW3DUGvb3iaOcW6d0msJ+7nyvWxlvhr+f4DzYsIzzh7kVdvDAnUfw56b8v5KvgJyA2CGkhPJ9b3qG6zwTJl3w+bFV8KQVe3TbpqVwUT3nrPuTeK/rrQ2HfVv/gf02vA1nOBjBdbF8JnMyc+D8lY2wUQl7NslXQE5A7FC+9NUuDJ55wDVHrxq+y2eD2dvkf50N79yrg7MWhsCvqj6CKw6w76/q4V5B5yjXlzav5t8QEPYKPORSBRsqOQ/e6TcJS74CcgJih1KIuYiB2f/WW1L1uC+267dj8I5C9uvm80Jhn86n8OMPt8GaTc/xmir29HXuh+GkcK5H1fbyu1E6wO9Gwgb+PRa9YbDkKyAnIHYIcQofDPKPcn3z9BTnrHku3NP95Qf2Qj9+OQ2HqHnvavbdhm1qOH84H/IAfmzF/mqTx25Ybe3I3ztxD9ttFddPYwZ+hiVfATkBsUNQdnAtaH455wAlySr4UDG/A3cVy+CegJu80Mmj8OAT7htc7+2B/77P+caoMfuuoNI+OH6cz9U3edybW/1CNayb4h6z5CsgJyB2CEHLeQ7C/mExbNlhAEcvU/PfLx6EXezH4IzJVtj4Pe4bTDRyr03fjuunHpl8TnQt9XBB6Hx43kbOrXVmAtz2Br8Jkq+AnIDYIczof4xBa1g1PF3L9ZmfPDnHNZ7Pc0Hr13K90ncBe6HcQN7rSz34nBTN5TVz1w/DYwZx8JOrtfBcxwVwcxTXnbTfnYElXwE5AbFDmZJqjYHNGPvvfm4fK3IuBcKF57intiSC9+JAIs94RpfzPh5O5px70al34IizU7BOy72zW1qeHXKtr4bXDTbA/l2vw5KvgJyA2KEsrmcfojbgGWb/U1yX7DbnWYnT5jyz0O7K97Sd0wV4bIJ7WEdW8n1vPfwWHNnNM9j5qUPwSCnPXbvquNYU3s5nLzaS+xKSr4CcgNjxbwAAAP//J2SEIVL8924AAAAASUVORK5CYII=,2
103,Cityscape Photo 1,iVBORw0KGgoAAAANSUhEUgAAAEAAAABACAIAAAAlC+aJAAAE8UlEQVR4nOza+1NUZRgHcFbX1HAVTQNUlEsGZhKXhEIRGF1FTFAQhSVpbVpTkLABmpQuA2YJtoIRlg0xGLAUFJeguA03LVgwXPCGFEYWIaggMIZcZOunvt/+g9OZOc9Pn9fZOe7D+757nvc5Rz5rUYLJv6GYmQX3qt6AYxLnw3sMSji5UgdvK18Or/d7ADtpf4Utq7fBXjbn4KE1P8BznpkLl5Y7wp5j/L9KnjgATzMReUgJCB3yqqs3MDAr6oV/qUiG19W8B/947AScmsJ1XPVTF5yiWAvbhh6B23XcJ/oOGZxZ7wJ/V78LnlHB/ROR38drKuJg0c+AlIDQIXMv+B0D7wMr4bCw2fAtFwf4fmkHbB61DF6ctxG2jmuEq61fhU8YDbDnlCv8MOM2vKTiffj5VO432wg32MIYAIt+BqQEhA6Zl0GNwUfvfgOHa8dhu97tsLOONZLCTwuvUfJeUePyM2wZxrU7uOEh/JL6FXizfRC84+/VcNn8Ifh85C04Pn4OLPoZkBIQOuQ+a69joM+ehPMHPeC0LdFwXT3Xn4/xdbh870w463otfG+U/37FLx4OL90L7wxthS3GeR/Yn8FzwplI7ofm4ruw6GdASkDokE0UOmNwM5P7oWVhHrxAyTU6b+4HcObys/AX5ayd1H4fwn++xbpotmoVrPmcf7vAC6zByi3s4e9jv4JP10XCic28b4h+BqQEhA65u2MUBsahWbCvYwl8ND0bdnfnZ1Qjz8G51jnwpbGtsHN1NfxOLuv4e1M8E++OuQP3RfG8O3dJBq9Twc93NFXCop8BKQGhQ348nOuvJzYQXprXDy/7tgfO3Mq+ZJEv6/6e7jY4xKETbtfbwJpH2Xey9uL1A2er4cJM1l1Bb7bDWcH3YdVkDSz6GZASEDrkjh5c35UyJ9g+ZzfscJj1t/1YHbzrghq2ucw+aYQVzxU6q1TYzp5747FFrKNWOxfACZ89DXu3fAyPmPrDd034GdHPgJSA0CF7wYlrtK2G+yGwbgK20W+GnRezH5qk4FmiP5Z1TuflRNhMeRAuWbEHVp5mT3ZagTfcsJ61VsyDTbCdvyW/wyh7R6KfASkBoUN2MZ21u2cHz52KBWlw46VnYfNTfBbmkb0APmLDdTk91Rxe1c3e0aGF7KWanaFbg5bCK5MG4eiGMbilzJbfQcXri34GpASEDtn+v9hz7I5nD95tE9fl9POh8Ix8PXzD6gq8MY3Pd6OD0+Edp/i7rm1g/XOtn/2l2mHeE1RDxbDByhSe7/0I3Ba3Ahb9DEgJCB3yLw3NGDQ3sUd5vFgFd9ZchQOb+F7DpBvPphfN5HDyOtY8OWrujZAAno99Qh+Hixu+hhubeS8aePsP+I7mGDxym+cE0c+AlIDQIfcd3YLB6Nl9sDY3DO6aEQEnDXDP/BbPXpBl2RRcVbYTPniNe6nQlO//FBmnwy/q2GsK6EiBXx5mH8m1n30kTYt0Hvj/hOgTkJ/sYr+lzIlrLmuOEQ4JZY9/7DCfJ5hMsC43TciFM5TBcF4c94yFG+8VDdGs7/NP8l3R7Y18Pq3xZ++1V/4JnOjLZxGinwEpAaFDpjnHZ8D6Kq45r6f4rEqbxHeYHcbZCzKbOQx/um8DrHM9BL/W2gRn9/GcYCj2pI96we7/+Y2vVfF8org5Dx5oehIW/QxICQgd/wQAAP//pPx9npT/uKsAAAAASUVORK5CYII=,3
104,Landscape Painting 1,iVBORw0KGgoAAAANSUhEUgAAAEAAAABACAIAAAAlC+aJAAAE90lEQVR4nOza+1NU5R8HcPfryiIOfNcA8QLiNdHUzUR0xACNYCgCUaDhFstFWIGoaWgKkUIuAmZOxEU0JCVZFFkZdhlljHGMQJmUcWhHQEElKGqVy0CgJqz1U+93/8GZM3M+P72eneMZP/NwzvN5Ps+R2ySoZ/0b/gus4aoAG9i5xA82NEzBGsdAeH3Kl3Cy1364Lioarsy8DudYZMHeBzzguJoH8MKZXXB6SgocGHMc/t8skYeUgNAhM8xrwcBqSxq8pLYQzpqbAYe5lsB/+vJ5KNAdhqdOfAerd3fCkyX2cOAGB7h5+BbcG30MLqv9P9xz9DK8Rv8pLPoZkBIQOmRrc7djMFXuDfsbVsOJFQlwRH45PL/Nl9c4tcKdjgPwWl++s+1a98D6PD182YbrQ3jzMK/fqoHvaa7Bx2eCYNHPgJSA0CG7tG49Bk0f8m/UpY3vZuMzF3jE1Qj3K3rhwx1F8EYF3/eaiTq49w8+Jz9498MhaYvg5XtfwKqbHbCfkb+bHrFmE/0MSAkIHTJV9RYM5tmNw68lnYK7bI/A3RUr4ereG7DpRCOck83npCXMHc4YZd31/DStun0OtowvgN/ZyT2Az9yfYPUmNSz6GZASEDpkRbPDMNikXQjPC5PBa77/FY46nQXbFZlhlQv3r49XcR8ca0yEA9b7wIWOvKexh79XxXnBS8O4J8mOc4Ib93BPIvoZkBIQOuSWhfEYjO+fDWsfnoFfPPGHz45zPxrpGgGb27fBje++AR+5EAkrPkuGvVf8CHeGcl8RuuEKfD+J95z04f+zz4L1m+hnQEpA6JAPW/PvddIrFw63zYZdb1fCE3c3wFW/cf+QHs+9dfelCTgkPAZuurUMTh55Dx5UsP5xcub+uD1XDSeYuCfpU3N9EP0MSAkIHTL7lE8wUJpZf3voF8BjWvYr3R818Pp01vTOus/hhx7sIz2ovwMbLW/C315cCm+a3wbXrbaCHS/y2TMbDPBLx3bAop8BKQGhQz6hYq+m9D81feypA3DzFybYIUMHFy9nLyjmg1D4Qh7Xk6fhxfDAofPwnYPs89zvHYE9u3gmEJzLHmvSPtZmHaNcK0Q/A1ICQofMxs0ZAwu3HvjVv7gOXN2ZCtt3s0YfmOaZ7qiSNVXrZvb1103yuaq8KodLm6rg9jKuM+cK2VOqOMoelE7PPYmn9SQs+hmQEhA65M5nsjBIjWDdUqa0gOt3fA0vScuH/Rt2w11WT+HVX3nChrQ+XjPDbys8+3jNnEz2edyCWReNrbCFgyxZX0UfmguLfgakBIQOWQGPXGe9JedZlWbiY9hlFXum23Xcmw7UDsEKr2l45dBdOC+A7/KDc5Swzm0VHPsya6G6GzyfDm7lemL+hecDfqWbYdHPgJSA0CEbSeU5l5Mne6P3lMvg6zX8fq7PxH5o1BPWMNvKuT5kx/D7uee+fN9/1BAMjyayB1o5/Db8zTKeK6f8rYCvDJfBDt2vwKKfASkBoUOuqv4Zg8zF7OXLNGvg14v5TYS1FXujW32z4Ja17P3bP2b/R5nId7w2kvWSdtcYfH5oOfz7XvZ/Gs3X4JqTObDJlfcX/QxICQgd8qBF/PamP57fO2yx5e9nY6thvWoQ3rfofdhdz71BSD7/rcNG9vLrB/t5f++TsLa2Ap5+047XFLJva3i2GM7z4/Mj+hmQEhA6/gkAAP//NN91w5FzrT0AAAAASUVORK5CYII=,4
105,Abstract Expressionism 1,iVBORw0KGgoAAAANSUhEUgAAAEAAAABACAIAAAAlC+aJAAAE9UlEQVR4nOza+1NUZRgH8F08CSrYlpoiF5W8MCJqGrJq6hor3lI3kQ1SckrILqNCRuCFqcFiUMGQS9xaBgUUMgnHIDOIgAQE10yImyAIAkaAUIsQoPVT32//wZkzc56fPu8MrD485933fZ/3CKr8RsV/4dFZANsVToZbEkrh1rF/wbaO0+CyNU/g9tSZcOVJV3iGz044xaUdNqRmwkW3nWGtxdNw1ZYPYO8gJ9hMIfGQExA7BNXlORiY5nIOOP/B59v52j14s+3nsO3ORNgYNB1291wCu1lXwJkB/PyNrr5wfeFteJ1bFlxmWQcn6b+A42f0w5KvgJyA2CFsMP8ag7tBLfAynxA4y3MinF7OZ3pVwa+wZ08+XLnVCrapPgCvPsf55qp4B/7FagE8poHrT4X3bNjK3ga+nBILS74CcgJih/LPVe9hcM9RA/urzWGbFdbwfR8LuLOWP186jz8zbQv3Kj0FP8OP/9kMd+hXwyd03Oc0H+Bzf/D+N3DwOH7mFkf+3SVfATkBsUOY4rICg7qA52HlFTs4pGcC/CTXE34rwQEeo7oF56Zxz7Pj0n54fWEJHH+c60ZXlAY+WroYtvY6Bls6j8JL8yphyVdATkDsEB63n8UgY+5uuExxB45s5Tk1ri4QLjZ7F16YWQgXTeF3duIiJVxjHIDrkhpg3Rnufx7s8YDnm+2FY/XJcH44LfkKyAmIHYLOinub6hvL4UeuD+FwS+5hTvfVwAuWp8PTxgfDa8sj+Ltz4uDMdiO818BeU1rkNrgxJRsOrCyDW3P5f4h53xKWfAXkBMQO5ajtOgwiQrnPiU7/EjYe5i+85ss+ZnfUEbhNLcCmpquwec5U2GGQ60DzRu6FIt1egEMfJsCBq7nXavFXwZ+VcY8k+QrICYgdyj7hWQyGrlbBWZ+yb2MqGoTLQ8fAnh18LtPOfAc3RfO86/AG+6ed/uztfGvQwN6TeG+gXnsTftPLBx7r/jq8YCXPKpKvgJyA2CHMtX4Kg6zeJvhtDz6L837fACdP3gdfrw+Ftbs64f6hMHjxeUfYaGGAw15hz3TTMHv/Lta8O0sfXgkHrDfBR/O+hyVfATkBsUM4vZ29mnE1V2DXlTzjxlrMgu1WfQSnpv2vZ599DY4q4J2X3avcL6lb9fCo/Yew/tJ8OHkZz+VDdzgHNDm8nw45y3O25CsgJyB2CP0mnkGVp87BRcdOwG2L+L3uaIyHGwK5Jhz+mPdf6w5Ngn/cPQJnTOe/Fd79Iuz0XA5ccIRrQq3bcTjEKQbe4+IFS74CcgJih1J3l+8m3OrdDifFXoBDGnfAwY1cH7QTuIZs078Mz9rPc/PEmwfhhn6uFVUanivcVewdaRcXwwsf8R2N4kzOpe2zeW8t+QrICYgdQncYz8FrDFp4JJ93Uium9sJ9bXyme/bxuXc284P93J+BJ1f8AA8OdcED5lw38tSch8G11fBJl99gh7BdcKxNNCz5CsgJiB2CMZtn4vLxPXCHwh5u/qkeXn+RjdLrCs6fkRtq2F7JHmviIb53tOQCz9Z+STxLVKm+gh+M18ADcXyn9e829l4zetmzknwF5ATEDuUnOu5JdMHsY4b6c/891dQHG2K4d3+p7RScPMw7r4gJvEueuYlrSFcJ75sv2mzl55fwzO10nnNv6ZIZsK+W8212J3upkq+AnIDY8W8AAAD//waxeQY/l+frAAAAAElFTkSuQmCC,5
106,Surrealist Art 1,iVBORw0KGgoAAAANSUhEUgAAAEAAAABACAIAAAAlC+aJAAAE+0lEQVR4nOza+1NU5R8HcFZWBW+jX7+mJu4uW6MOIgpqoau7rIZRWjmZigmyXMILKKkBQprOMCR44SplEAVRgJUolxEohGXkIijYNCCNcb8oISIFgtz7qfe7mf6AM2fmfH56nRlnPR+e55zn+XyeI6+5Vm/yT+Rn3INnL3OFFROvwi91W8BaTQ0cs+A8nLp4C7x808fw8Zlz4TVz/4IvGD+BB9eqYc/A1+G66ZZwhck38CQTkYeUgNAh0916iIthzzWwXU8k7Gh9Gr5p/xReuqEZdlEGwl269+ARS2+4P4bze/jNIvhyymfwvjsb4VMP34EnlDthK8O7sOhHQEpA6JCfGRzDRa7lKDzi5QNrWjbDO3V8B1scaoHT257BxcfWwutuR8PheUPwtPoeuERrD1v9ng1Xpz2CjySv5/20ZsKiHwEpAaFD3nE4DBdhNkq4sjYW/sjAuag8Xgg7ml+Ba9Or4JHkCfiZrxkctHwJfKo8BZ5nw99Xd/H/XeheCrdeC4ZPmz+BRT8CUgJCh/w7A/f0K5Un4M1W/rDBxwbWWq+GU5zK4QFVBZyp6oDnK/zgn4rmw3s2+cJztyyCs8aWwk2Xy+AbwbyH8lyuP6IfASkBoUPu0sgaYHFBADy6mPv+m/c74W3xnH9fG5phM8sQ2LvzDXhpwi9wYk0EPJzAfZej/VuwXTufvXIH3sMM5QG4Qs39lehHQEpA6JD5XZHhQt90Aba+xD5Mf1QOnFPLf//pZr6zV5Tx+Rk3smY9+iLf/eecPWHfeQVwWx57R/6LuM/R7WJ93PhDH5wfy98U/QhICQgdsi9+49yV67gXCvfLgHunsGY9MOsqvCX3fbht1Tjs3Z0IB6S5wBH6c3BxCetjay8PuNu1Gg6ymgWvCuG9/Xz+MSz6EZASEDpkhRac30OVXXCdnn1J48AgrFK9BqeuZi1x/1uuFcGxcvjtwFpawz7sxoJtsHuBAU76kz1WWzcFHMBjDJPwKvZYRT8CUgJChzzVNAsX6xrc4AY1+zArrq+C9/Q6wK0Re2GHL/kM7D+5A841sq9/Z5zv9bKDrJt73LmeVD9qgxWZs+HeOVyvEopbYdGPgJSA0CEriub+3smNtWzekQZ4eL4OfhDdCEeFroN904xwdnsUbOvIc4Anq1kDTBprh/VxrCua98bDA1nst55J4nM1VJrG3/lPSiILKQGhQ757RR0uOjX8lmFT7VT42P/5jlf5T4ZbOhzg/52dBn9uz2dmqxPXk+wofnORsYv1gGr7Qjjy5WVw0NV8eJIDz5v7nPkdh+hHQEpA6JCZW/6BC4/AOLjlKM+z7lpzLrrn8tzKdnclvG8he6wfalgTW6x0guc95zqjjQ+Hq+tfgGcmcg2xcWYvyPQi904nSr6CRT8CUgJCh8x3J9/BOzIPwpeSt8JNuiS4K+IGPNmePf6LfeZwehV7OzOL7OBCfSh8uJnfYsTZXoe1CmfYR90Lh5nxb111ls+D6EdASkDokOUU8Hs4xfYN8AwLftOW8ivndEw2a+jn0/j+XlDK/fr6/inwhgae7/bbNcFPPbgHqws0haO07MmOdh6C1R63Ya9CntmJfgSkBIQO+ZJWrgP7H7AGjTS1gpVN/5q7zvw2zk/DfUvIB3fhx0NJ8Bzj97CrOfdF96Knw/qTI3Bo0S14qobnCXmaV2Azrx9h0Y+AlIDQ8XcAAAD//1vlgR/cjbhSAAAAAElFTkSuQmCC,6
107,Wildlife Photo 1,iVBORw0KGgoAAAANSUhEUgAAAEAAAABACAIAAAAlC+aJAAAE7UlEQVR4nOza+1NU5R8HcHfnCPL9mpIFglqUlxDUQYEhhUrXQLnMRBAFDWJhiyi7MptAAZIEouSEcgkYCkgd46IjbRCEmAbIxUAhNy8omalcwnSRi1siIv3U+91/cDoz5/PT63HOkf3M8zznnM/zPEKc97Up/4Ra0wBvy1oJDz/fBHsVzYGn9x+D/Xf4w6rMEjgt0wt2bF0Bz7QO5/XGL+Dzy16Bq/TL4NEcZzhp/AasnCLxkBMQOxSPt+ShEXFwGlx8oxR28bgL6zOvw29YrIY9nZbD9YG812PGJrgq7TKcVa6Gu0oM8O2OOng8Z4Su2Q03X7GDJd8DcgJih6I8MgaNq1NT4BZlKvwghc9vv6RPYZvuHjillddnKN+FV6XtgZdPvQR/vTkTdmt7GT6p5LjPVlvAFe8spEMfw5LvATkBsUOYOHoGjbN51nBC9C44Ioxj1GrRKviX9jdhf8urcIj5abhw/j7Y5D4PPjGV75aV7jVw/5F02CvNE3b5NYj3Hq+GJd8DcgJih5CuOYTGXjsN7OCQABtn8Lu8aXUo7FZtD+sr1tGhZfBkwkW40m8p763T85rXWQ+UWv8Jv6T8Fm49dg4usmMdIvkekBMQO4RnqnPRcAlmHVzQyPdDiWErPCukAO631MH2ZyzhmLpRuDdrNnzXPQquNVsM7+mNh00Lz8I/LrSBf79jBg/PiYMl3wNyAmKH0OvwIhrr89+DVTd3wjsL/oIvaqfD6tE/YMPQEHzoB641fe7/ENYrONbnL50LD+9mTWzysoWfWsY54F1vgof28jtN8j0gJyB2CLbOHGc5LW/DIYsXwLdMfbBj4ie82cB7hcT9sOqtQtjiHmuJ3AMD8C61NzwWy1rcKz4Jtsnh3w2/rYX1zfIc+O+E5BMQ3Jq4VmM8/RkcEMx3QowFa9DL+XwnJKez9jUTWmDd94FwbdAj2Kr1f7CmlWusnS98BK+LfB/2Ma6FH+a7w/NWHIEl3wNyAmKH0Ob6NBoXnvgNLgnfDPtr3eDFHWvg6s4xOCI+Gt7gWgkfrOCeV/1X3bBhmhH2sW+A99WyPlY7b4TNhER4rcN3sOR7QE5A7FCYDByXXXbH4ZOBsXBQRwcclcF1G+crR+GOlvtw6Tj3krfO5jUTjWvg/9dwXjWkBsDZ3lbwN4W34PET/A1ztfdgyfeAnIDYodiv45j2DeV7IDqoHy6O4783J70Kh6XyHMSlPn7naMu4fpqTzDohw1YB6/vbYV0J10m3O3HONI/wN/T2zIINPqynJd8DcgJih2K4NgQN1Rae8xlN4fmcCzdZv2bZsN5VzfgYPuzINR/XWj6/dc+thydncs/Y/kPOq9lR/P+nnHMEPQc4B7p8uAf36EAELPkekBMQO4Qya451p9dOweZtPMsQc60N3uFXBN83pzsDnoWdFZwDp0zm8E86AW7Q8rurfRP3gyfmTsIzHVmLVz1gfXx9ejIs+R6QExA7FBp37hN/2cf9XVX0BlgZzG+PyMPcOws059xYMPgk3L2Re7pNfhlw5QC/9btCO+GeO9vhrMRyWPOvM6rRRtbuvh5cg5J8D8gJiB1CYgifzVZG1qnbcnkWev6IL1wctgQerOO+7we2PNdpOcSzbnmxHvCicY57n0GeF8pO5b7Bz8V8t5xfwn06b3UXbD3WCEu+B+QExI6/AwAA///6TIYlb19HxQAAAABJRU5ErkJggg==,7,
108,Cityscape Painting 1,iVBORw0KGgoAAAANSUhEUgAAAEAAAABACAIAAAAlC+aJAAAE9UlEQVR4nOza+VNVZRgHcI9c9+1qcC0UBAQ1F1whF5hEQ0PlTpkNw2JaoZFwUzCaEDKSMpQaQDYRaRDQCpJNucR6RWXJuV5ZVMAFBRKK8Yrsamb91Pfbf3DmzJznp88LzOU+87znnPd536NofBY54r+Ief4K/HuCDq4Z+AXO1qTBL7k5wF5J/JtOvyew3ciZsNE3Az678RSsD8yFHXO/hVPyh+A7UwNg1dBWeOQIiYecgNghuMXdw2D6HM6/S+ZpcN3BafCeyM3wssTjcNQP/Lm60A0eqzLAqU1jYI+8YfgdNa+Ne1vegvtURfBg6UI4pCEalnwF5ATEDmGcTx4GN/318KzPLsC6bG94pkU/PE3fDHs0noYDGm/BE7T+cPGka7Bl5k74pxwj/9fUHtjFvhgeY9gFm9yogiVfATkBsUOIWGGDgbHlN3jsU87dsoDVcO/ow7Ah2BqOdnXnp55oAc1sTOBzngKc4sh7v0XIAKwN5xpsxrxP4LqPrGDN7SxY8hWQExA7hPnXuVbxXvMrrPiZc9r0Wia8MCoY1pdfhTcf0MBJ9d/AEW90wH0ZH8DJ/r5wfQv/l6ueP3/kMQN+6Po63DPIa1LyFZATEDuEPFstBtoNarjsdAJs07sRVmXyGqgK57rFpuIAvC/dCZ7cugr+qrIdnp19E/58TDds5dIIxwcp4WdVVvCmviuw5CsgJyB2CItUbRgsX14DF/WuhA2msbAu6U14x+pS2HsG53rtGWd48XheP2vr2Q/MfX4Djqlnbz1xHL/PPGvu/1wZxd7dcVo1LPkKyAmIHcIi8+0YFHTG8zc6zumyGj+4JJf97kXDbdi5ohw+fMYO7vfhemZTOf/mez2fObXGL+D3z5XQU+fDFi2fwsdyxsKSr4CcgNghdOwuxKB3M/eIXo5cBh83HIWb3/7fvr6Sa5XLQXvg/JWBsHUp95RWRXDvyL1jAXxQfRLOyeY14/1oNFzrwr7CtJB9i+QrICcgdijmxzzAIKuavazTEfavYbGucLeW+5jBd8PhyvwwuEH4EzbWscf1GjURtkuZArt3WcLNeTyjOBJmDldYHYITGx7Dkq+AnIDYIVx/wTlXOsA+tVxjBmvUfCZc8NsNZ2fyzCt/H8+bC6bvh21r+dzQBnrCa4Z4FpGxi711tI6fo3TuhafM64LTeybDkq+AnIDYoRg4yz147ZfsX0f0s9/NmML9+ErlP/CLTvamRSbrYBOPvXCHA/vs0b48T4i9xL3Ooh+/hpeY1MG6an5mmvE92DM5DZZ8BeQExA7F1qdcc89t4z7MgmNcc59ay2fFnHCeFTx2mgXHvct3JeKKOY+jSkxhr5w/YL/1fKfIzE0Fn09t4Jcz8hzAbHADbLt3Eiz5CsgJiB2Cva89BpY7EuH4W1yfTNrP9+EKhvmujtN99tCdO3mf9hkIhZdu4T3ebkIF7NDFXnxb9Gvwh0Fc/zTN5nPgSQLPsEPauY6SfAXkBMQOodWC9/XgVs7drFCeZ/leXQJ/p+R6xtmS6xxTJdfokyP4DFm/lNfP+XXcG818MBe+2PYQDl3tAd//m9fMye2vwk2b2G9IvgJyAmKHwsHxBAYae1t41TDPrcxd2A/8dWgNfNSfc1QduAJO/Zj7mOMvR8Hx7Xw3O/ku10hD3alw+ja+h1cawv7YejF9R8VrT/IVkBMQO/4NAAD//0UFhdviVLagAAAAAElFTkSuQmCC,8
109,Wooden Sculpture 1,iVBORw0KGgoAAAANSUhEUgAAAEAAAABACAIAAAAlC+aJAAAE9ElEQVR4nOza+1NUZRgHcBeOGqBrqWM6Kg5KKuLotF7Q1JSaJVtb2sTJC6LmZXO9DCgoFEUEDDDQRuAYwhKCiEhtDeiGgXFLAnbBwo2VizElRSjiEChLlDr91Pf7J5zOzHl++rwzDLPPPOd9z/s+7xEuTEsY819YVdnwNusJeFfPbTh+0BVWHFgO5yZfgYO8a+DDKXmwnzUXVkf1w+nlC+G9q8bBBS434SU5U+F6fTfsMkbiIScgdggTfG5hMOvIK3Bz2GRYlXcArprSB89+JxGeENAMP2vcAQ+c47O+pY/zKvjNG3Dv5ov8/xuH4dJ9mbChS4DrzGZY8hWQExA7FPqaXgwWB++F9+UNwg/0m+DAOD6Lv2qH4Bm1Y+Etm8Lg2A43eLJ5AqyPPAefWtkDh4Tfg0tMfM/Yqj7h35SugCVfATkBsUPh73cag1uJXMubrnrB9hnr4IrffoYdt5+HtZoo2DhpLRz98Br810AE/HnhUvjow1F4+RvH4D+9voEtLfGwR+EUWPIVkBMQOwTdcAsGbVfU8NE+DdyxKwTeMY1rvCmA7wfPcUrYzX0A3tzKtd90fw7sPX0S/GjzRnj3YSv86SHukZbrPuTv8eS5QvIVkBMQOwR3dRIGv5svwanVj2C9ieddbWIGfCZJCyu32+DsocfwKs1J2BkcC2s++AzuF1Sw4x8/uHXrj/DoJb6LDqk5JyVfATkBsUMRcPYnDNzSZsGp/lyPLSPs1egMdXDZXu5bBEUAHLyGfZ5A2x3YEf4WbI7JgmNW7oHTXHgeePky50Oalmt/QCfnquQrICcgdgjqTj5z/Xqu8bub22F1F+eJ0crza/pi5n8v2hM2PMVe6vrML+Br9lrYGWiHs6u38zf4FsA+Idw7FQV6wLOWWWDJV0BOQOwQWsJqMFi4vxo+MVwCX3xxOvydwwirEvi8hn5P13t9BCufBMFXnewjubXugsdP4hovvF0Bt1eegjco34VvlpTDkq+AnIDYIfxt5d76eAzPtcVe3NtkmP6As9azJzOtNxaeOsA1e34b+6qWEN6pfZtQBY+MnQnXangn4KiMhhu7JsL1tvOwqzvnhuQrICcgdiichlIMwuN4n6U5xndCZVoObA9jD7TOyOe1yNkKN+Vy/hh72UvNWs3nfnUe+6dDyfvhJZk8h+gWzIVHqmbDrjr+H8lXQE5A7BC2KysxaJrDZ33dPPaCVJ6FsMtczpOdBq79S9J5To3sPgpnWLlvGb+C88GU/xxccPZ92P1GIxxv4T3xl6/z3vqCB98Jkq+AnIDYobAEcX8/NuI6fHAr76f8r+fDL7XxfqDd3weOrOUcKB9eANdaIuHq+7/Azmz2ju4M8VuMJJ+vYVsRzxUZP3Bu3B1XBku+AnICYoeibMMDDEyTdXDDe1xrH6t4v/uxdh4c4vcVnBLEvfvpuC1w2MnL8MyWnfCUEge89jzvywY3cf50L3sadh2th0sb18CSr4CcgNihWOTNPr29oQFO5FZ/jHcE+5LBkQZY68t7g1TnNvhuNc/BMb7sYyZsZO/I7P0arJzIb4pW9/F7jVebU+EzO3h2P/ikGJZ8BeQExA7F0sVcU1MqkmH/QX43UZzzDHy4vhNu8NgKHwnlN3O2PfxWIrSH74Sq4zxjLMrnu2WtL9d+u2cNPD/6BbgnqgNeWSf3Rv8/IfkE/g0AAP//UnKARUplznYAAAAASUVORK5CYII=,9,
110,Mixed Media Art 1,iVBORw0KGgoAAAANSUhEUgAAAEAAAABACAIAAAAlC+aJAAAE9klEQVR4nOza/VNUVRgHcFav4gqitrpIiKVoipikMy6pk+8hbwm1KKg4QGpOugoBOcBCLYkoasiQCgwW2EACKggbSBEK1kQwIGgUILko46IwOjSGu1Ei/dT3O9M/cLsz9/npc5jdZZ859+x5zoug29Fl829MCOqDhX463HcirHdwh00qW/hg1An4aOpYeO61uXDRkAb28vaHW28thVUJFfDeOcH8++qN8M7J0+ExNhIPOQGxQ1A3FqFRp1sJJy/6EX6S9TV8ee08eHHVT/CpiXyvrek4HO/TAMduDIIbHF+Fdfb8nHN2UfCKlkF4fs8PcElZKyz5HpATEDsUPi0ZaNiOboUjK7JhbZIdHKd2g+es5bPeGbMFXnUkFc6ep4Nfcu6FR93Hwf0aK/zarzfgW2s4Dv9wegZ355TDku8BOQGxQzC/O4CG55lH8JKks7CvG+sfl8o8+HxaCWwt3gQ/dEyGu/w+hw2qp7BmZQR85/hMuMlyFz61NA1u3M/6ytPIOUfyPSAnIHYoIr87iIb2rBkONnIN4C78Bn9pw9/+MepEeNeDfHhqGWuYysJw2Pk+55yxsfxfyt3N/EKTA+AXM/Twms8+gadoo/kd/puR1EJOQOxQtJnq0RjYNh4uqY+EXc1GuPZIDhy2bhccZOTa+ue4NnhSz3vwh1tP0uY34aIivn785hTYz5N1f7DFA443cY0h+R6QExA7FBl1vmhE3JsKX7FVwp63b8O9E7gnEzg6AkeO49o6sbkWdqxhnaMxNMHPYzne8uz94FWBBvj9/nTYduef8PCYY7Dke0BOQOxQbEkrQKMzeQnscfgAPGLsgZdH+MBhVu7ttKuHYeuKGPj7ao4TnZ5zSGhWNTy7wxn2rkmAg65uhmsb+X2K5y+AJd8DcgJih7DuMZ8n1wHW97NmcA8n6hrnhEO9G+CAtj1wjP8UuGAwE95Qyj2laa9zjRs73QKHNPDcYLfXLLihlPWVnRO/Q7ZOngf+PyH5BIT1llE0rIOsVeqOca+zJJlr098LWecsKJ8Nn0sxwMZgvjf/Mc+5shZyjZHT1glPqCmGu+Zxr+ntLM4DmYs4Vre7cC6SfA/ICYgdQr73djQcn6nh4tSj8IVNYXB7N+eH7gEBfuTE8WMfkgT3hfNZN6Wsgl0T+Luu8OA+7MsNHfDeas4PC5Sstfr+3gZLvgfkBMQOwWFxHBqTfpkDrz7wAV/1F8+JVffuwErTx/BUL46T2oFpcN8X78CZ13nO9UTPOaHTgWfAPdk8FzPYhMDpTznGWlv5+ZLvATkBsUO47tqORsD5M/BIHmtxbyX3KFs1rOPtTnMtm6tk3VLwkHv/SfpX4MDoxXBFI+8aVd1kTdUUzvMBbRl9s2oI1ty4BEu+B+QExA7hLRcHNJrf4L7NMrePYDc/7utfvcR63TKfe5cn3XnGHDTrBVhfwbtupeNUcMgy3svwMFTCucGL4JhDD2DNV1wDXHDiWYHke0BOQOwQyjNa0DBbeBZ72Z/P4mBXPJxYfQXO7uBdN/NMvvdwfC68Yzw/f3g5bd23Gh5ayPXAae1FeP1F7p9G7ueaOHS5PSz5HpATEDsEl3Wsy0+o6uDC53xR9F3elbj/bRkcns8z3Wg178Cl6rl+jU3hWUGfixbeU8/f/qV1nHO++TQUdkrnGHAu4Z3Tnhn7YMn3gJyA2PFPAAAA//8iIngUHnYOWwAAAABJRU5ErkJggg==,10
111,Portrait Painting 1,iVBORw0KGgoAAAANSUhEUgAAAEAAAABACAIAAAAlC+aJAAAE+klEQVR4nOza+1NUZRgH8BYOXlAL1xUHJTbQ2SjRvKDp4oXwlsJAJo7GroBEg8BIitIIKIxRCkXQljohEjBiSJoJGMhFJMEboOAtB11BQEBGA2q5h9FPfb/N9AecOTPn+enzzriyz7x73vd5n/cITrXVL/0brpb1cPAMc3iG5h7suCsS9u81g5PSrsCmWwfhfW0vYGebY3Ba+mb4z5ZJ8Nm7AXDF8RmwS3wQ7HNjHMxvINGQExA7FBbNH2JwbvVsuPTnPthQlgVX+uTBR1a5wb7fX4JLtEnwR85/wOYfJMBzd86BUxJ+gq3M+dmMBzHwaTsDHLHsB1jyMyAnIHYIrQ9cMAh12wdHnC2H7fO4fr8wnIQnhMbBa7OPwuGzUmD3GD5LI8u5t6jHlsLt1oFwU6M3v8NKNRxoxj1BYz4CS34G5ATEDmFB+U0MjI8b4ZrxHbB+ItfdYd1jeNEWC9hKbQXPyi6BLTLL4O1dt2DbdyvhgIOsnYLmcS+ybp8A//hGITwYfhGW/AzICYgdgo/QhcEpDdf1aTlDcLOtMxy8eB1s8flMOLqPZ4lyD3941OQKeKfwBG55PRVWxVbB99p59rgQxr81bsW3cN1F1mOSnwE5AbFDsPKtwUB5l/tA1thwOFfnDnsUfAyv7BqA7xT9DRsMrN2z14+FU/ND4bWlSljl+Stcsfw83HGONc+qQx5wfybrLsnPgJyA2KFwaF2JwcKGCHiqkut03DdesIMdz7j27lzXR+va4E31UXBB81VYf2oP7DnYCee8Ygv3dtvDyccPwWPmhMGNShtY8jMgJyB2COtUTRho/T6DVbPZ63Rv5dnUN4y1SnjiRnhD8Ff87M0CuHD1Ndh61svwqKIt8GtrWHfFeHbDcVkL4HjHYXi0dw4s+RmQExA7hLaWWAyetB+Aa+0+hTX3WRfNG+DarGnygY2BTvDhAPZJ1W7JsP7IGHitgr/1fPse2DaK+8+ikq/h9DMLYb8qnpUlPwNyAmKHIsvEO69tDaxnVl37DTaq02DLePZw+upD4PFRuXDQoCt838C+Z3cRezuWStZCKXf4/0/PnQab1fDs0V/bDOvTN/Hf/C8liYWcgNghqE66YuCXzuehbIj1yXZr9vvnL+F9WffeZfDTbVNhxxIBrvK4DLt4sabK2c01PtJ5Oaw38R6geAl7r7uv18E2j16FJT8DcgJih5CXy3clUs/zPBBxZis8VDQa9hLYJ20w476ReOEteHiiK/zFmvfhmLcfwZ6NrKmmu/TCXWreSyQeOw3fCGP/ate0w7DkZ0BOQOxQLDZmYtCRxv7M70t5lp1XNx0+cJW/14fJG+jLvB+In8Lf7rNO7idHnXiuyFusg2fvoU2mybAqww4e8NTA3qV8p0jyMyAnIHYIDVq+f6bdvxp2/I5rfGQxz69r/L+EU5eshx2aH8K/RLOHo4suh/v1vGfI7rOEq1O5xndo+Uw6neBdspsl96Lnuew7SX4G5ATEDmF/EPs2n+iD4YFn2fDU/Lnw7UlL4e6JK+DrI3wXyM2F719cmWyCC1u4DxTb8Xw8aQrP0yH1/vDW/9w/VIe8yW89k/fKkp8BOQGxQ+hsdcCgx8h+aM98vrfTaBMN74h9D267zfOuUst1+ulGI9xygnVUUgbfA41XFMPPjeylvrOXd2oJlaz7dZt5Pr701w5Y8jMgJyB2/BMAAP//RWyCnG9CcfIAAAAASUVORK5CYII=,11
112,Abstract Collage 1,iVBORw0KGgoAAAANSUhEUgAAAEAAAABACAIAAAAlC+aJAAAE7UlEQVR4nOza/VNUVRgHcK+uCyqImpIimptgLuX4siqaqCuoOE66KoXES7xoDIKQEWESGpoKDshkGVAE5AJCgGA1UiAEworBSsCoiA4ULqIFEoNoBBL0U99v/8GdO3Ofnz5nZ+fCM8+ee89zzlXkm+0Z81949DbCy1tWwFVlW2CLrmx4zdBFuP1hONwavwiuT3oMr03WwleL/WGhfRbcc+w6nPT5TNj+tApeWT0dHjtG4iEnIHYIqXX83c8yLIA971+An0T8DB9VrYHP/3Efjir8FG5cHAFPn/ELbOy/Bd+psYSXZL4Mm+xC4UW9U+CSG8/gddHnYMlXQE5A7BDm/52CwYOJWfAuzdvwTuUSONnpFTjv4CM4XbcVftdsHbyhmtdpK3DhNat84LqN9fDvUzk3fvK2g6Om/29e7eczSvIVkBMQO4SP0udisFk9BCeUPIVbXOmilkJYG8b79+tBG2GLQwvhQBc9PGJwhU89WQo7W2jgkNzL8IXSVHjH0FtwV99sWPIVkBMQOwRDjDkGGcoGOPFrL1ijuQ07DsyBK7U6WH+iDr7negJW2qTBoy6/wmcTOAdu238CW/tZwNHOH8IPM/iMavtWC0u+AnICYoewsoBrFaPTctimh2t9txc5N3bncp1z6c0uWDW/FN42jf1DX74WvlnH37rKyL554PQq2HwgEnY0mwQPrWXvviW+GJZ8BeQExA7B0skZAz+TEzyoUMJ5kbGwobUDdkk9Dl/bwL2dWpvf4H+W8po/FrNv/qKG39l6mb2ES2Q0vKKMffD1dPYD/d3cg5J8BeQExA6hc6QaA33FWtg10QCHWgmwXRn3KBtutcHlmgG4oLaAn1dwnjRGxcMfp/CZoNNy/ydvLnuAzAk34cHxnEuBMdthyVdATkDsENZZcu+/udcaDs/n+idAlQRb9nHtZGW9F9YZ2afaNTTBq83Ww19NKIFNDSNwWA//h2X238EHD3jC7h58zqTl8NxA8hWQExA7FIs7d2CgPzsV3ue/DM7dx742q+kGXL2M+Vfs5D3+mILzJNCHfcJJHXtiHweu79WzeeZ1L+wdXrN0GLYZewR+SfEeLPkKyAmIHcILap5hlQezT+2YwJ744g9B8NP3z8DG3ewN9ih5L8+05efbYwd5zfGX4DleCfAq7TjY4zDPifP8voS9QjrhBRlWsOQrICcgdgirDNyT0QTznNh8HPuBKud02P37DfARZ/asi1WVcM0BLZyz3cjvxI3C+pxtcLA390lj1PmwbZEj3B8+H7ZU87xZ8hWQExA7hIl3ezBoyvsADugPhFdP4fo+8E+eEzuMnISvbXsNjtvMPlsI47yK6bgDF3tyvaRyc4CtQzPgsmfN8MAmnmOorJ+DJV8BOQGxQ5iZw5515gz2ALaR7A2Gi8r5eWgurE3i+l5vHwBXqvbDWaEmeNJxvm93ZR57gLQtNfDYK7bw3rjJcPWrPC8TUngdyVdATkDsUMSaazHoVrvD2Qv5TqhfO/N8/NcheFEy90mf/+YqPNI8Dfa18oYb5tHnHMJg1WSuf0y9XJsdruV8izA94PXP8+9KvgJyAmKHojU7BIOjOuZzapjvLMxz94NjM/geRFUQ782TK7iHUx/3GXzXcRP8RuEueH0tnxvdo4nwGV/uOyn9uTf6yJe9crevGyz5CsgJiB3/BgAA//9mpnN9ZE6zfwAAAABJRU5ErkJggg==,12,
113,Street Photo 1,iVBORw0KGgoAAAANSUhEUgAAAEAAAABACAIAAAAlC+aJAAAE90lEQVR4nOza+1OU1R8HcHZ9+H7NRMXFwsRiiLhpA6yggTRIy0Uh5bIweYFBwksqScDERSVwHEFkuAhoyiAiUIwskSFDFGMhl50yQiCuBlGQ6ESbQY0MmNRPvd9O/gHPPDPP56fXYRb3+XjOcj6fc1aweLTY6N9w1ZrBU6+cgWODAmAf4T04M2s/fK73JDyjnuPval6HD2ivwv4T+fBx06OwR0YzXBeWA/daPwN7uY/CSiOJh5yA2KE43hOPQW0U13G7pgcOnPsIrvZ/FXa2U8PdjmFwtr4R9i7/Bd5leRnWlUzDW6394Pe3lPB3x+/BA2n/hx2WvAVLfgbkBMQOheHytxhMbVPAxtV1cPHtMtjGLguedOuHTadK4YieCVi3ygq26roI58+tgpWq7XDB7kLY08SYr4kd41Pb9PLn/81IaiEnIHYophI3YxC6/AL87Mo7sKmTDrYZHISH51PgDUk34bZzf8K2VcPwrNEX8EI1a7DUh9HwOs3P8HjGIbj46V/hypObYMnPgJyA2CGUNrO2Ofb3OtjQMg7/YMk9QXejG25M4d/juBGu78jua/DFoRB4u08SrDjE/SdnKIJPFPMSWJ+shc0Wsq+oaGIfIvkZkBMQOwSPD/MwuGleD7slvwmr9jXB04OhsP2LtbDx4j7YcoU/3DbLdZywMxdeVUmr8tbCYbdYUxU0mcJee7hvpGdlwJKfATkBsUN4O5/rqVoTB88VroFjHnwHq1PYj9roOmHrGQvYP4I10gL1edhFx3omsvAErF3P/0flhdt8r9At8GYPczipsoGvfzInaYWcgNihcJitwKDjHa7X1WtZz2Ss5lnnRmP2BvqN/Ie82w/C1Uv5uZq8UgV/49sCR1nFwPNanil1Xv0RHspYBJfVm8ArC/nZkPwMyAmIHQpX/98x0LuzhhktCIb9ivRw7WgQHH2pDS7xdoMntn4Ah+Ty58HKpXCmyxDcEvM1/EdvMTwzwge12vEx/Ib+BVjyMyAnIHYozIseYpBazzpkgSPvyDrut8PGob/BQ+msf0zaeLcgVLFncHAagMtb2R+v7+CeU5HN89Z7KgFOGvsf7LOmDB634DNLfgbkBMQOxdK6rzAYSOBaLM1NhKOa98DKmp/g2RLWP34tBtj3LPeNviBL+JGS56dBetZX/Xu5b3x6ZhusjtXAXeZOcMAB9huSnwE5AbFDMEtcgsHglevwa8uYm0smzzTtp6thJzP2uFHzrG1Oh/De18M5Fg6/xh7AbpRnTYZsnrEe0fJ89kQg95m/zkfCnhbs3SU/A3ICYocQuZPfyclSfgZ7zu+Gn7vLnjW140s4cRnXqHsF131nThHsMcb7hKdu8Q5OV+sLx7d+D/cHRMGlR/mdi5oKvl51nX2L5GdATkDsEJxN0zhYfgw+/QnrkA0F7EeN7L3BnpR34UsNtP7wFKxu5T20V78tX3+qC/YL5x2FiQ+/Z9Fs4B3F/rGVsGMDayrJz4CcgNihGAzei8GKu+w148It4eTwSjhnxhX2rGNdJNjyfjcglmeaAXpa08d13HiHPXGIlu/r0BIIb9rB/WHEkA7X59fAkp8BOQGxQxiO/ByDG2f3wUrV8/CDSt4VjJUfhl+u5Wcjuozr9VQez1sn77OXWPTYvdvBBNb3zs2sr46E8exV48Q6bTztse+rxu/icz6Zk7RCTkDs+CcAAP//wpV08vIAkl0AAAAASUVORK5CYII=,13
114,Seascape Painting 1,iVBORw0KGgoAAAANSUhEUgAAAEAAAABACAIAAAAlC+aJAAAE8UlEQVR4nOza+1NUZRgHcFdWEmpTd1K8K3kBEwliIARvGIqNXCOgbI2VSpS4uHKdFHAySNQWIjYxccd1hihIwgowICZRQZSwYoEcQExMAxZBIpOb9FPfrzP9AWfOzHl++rw7cOCZ57xn3/d5j9w8uGTSf+FU8ypcXHAe7lY/BR8JtIY3X+TnHlZbYK/oafCY7gLs0u8Or3+7Dy7JXQw7l/4OR+b+DU/s5v/WGesCT54k8pASEDpkAUWRGFRpOuEipR2snu0Ef3DKG17d/izs7LoJTpoIhY/WPg1v3U/rb5rDG5W8Tte0m/B2RRgcu+ccfK5iDSz6CkgJCB0yi2EzDAomfQv756TCNdbX4GVzt8Ee7/wG938ZDm+suQzvasmF9xq74Kt9Ol4zZSf8bi+/W+I7OSf7EhfBA9HPwaKvgJSA0CH7escVDHI0erj0+Tnw2W4+42s7WuDMAT+4Y8kA/OnCX2DvVa/BFW1c/yhtp8L5eXyu3+s0wHf8N8P9eSdgP8d0WPQVkBIQOuQBPe9hoEzn94D+Ftf9yQaubY4NNsK79gzB9r4fwTV5al4nyBbu1vCejp5fCM+aNgsebxqGVe6cGy/rFsPbPObCoq+AlIDQIXdPfB8DlywfeKykHNYrbsDH7C/CPZoYuMD1HmxVdeixn5fzr6XeAc2a7WG/YE94aVw7vLfpQzjKlAbbPeqGRV8BKQGhQzZU9TkGQQvXwiWX18FtdtvhsxkH4IMaE9z7gOuiG2oL+MXPHsFjBStg1/pP4OGVV+Frtflw1LgDPH3DYbjZIQkWfQWkBIQOeZnnGQzK3Tzgedmx8MdqLXwrQQXHf8/PV+niYW0254xsBfuYdZEjsG8g99O+mewRfdFSB9+2Xg+/0tAEX0rnvkX0FZASEDpkfhU1GKyNmAKbTW2ADYNcn2S9sBxOas2Cfce4T109FAf3zPKHJ6sq4BBtIOxQzf6s4gc+41vDlsF/TGZf1XZlMK/5/5zEFVICQodMNcreqLkPey/GhnF4Z+U+ODyiEq7e9ytsun4Srgv+GbZZ8QSsuv0M/VMQnKFTwD5xvNcrtVz/3L/L+bMlgfNT9BWQEhA65CcbuB/QP/SClbO5LleZHYctM9gj6mz7Ci6K4fqnVPEQXu7O7wGlhn2nOiPnWNljvdT8J0/DjnPK4EOe7BHlGrn3EH0FpASEDnnxKd6vpSr2HJ1t+LxvXdQBly9gPzStmP3+KTt4jiuvs4Ft/2mGu6x43wfO51nYiIcRPlLJPunMGO4Z0k6wp3TFcwEs+gpICQgdsktjfAbXfxcCHx/i2VZm+3V4pht7nfKqGbBdKs+P/9JtgJMLlbAplNf5sYO/u8A1AnZ7g2fMpj6+d5Swle9TBJ4ugEVfASkBoUNmvpTvI4RXTIdVm5LhP50SYWvvUXgk7AD8kgXfd1iexf5PsDEbXjmuhg0pb8EXGqPg81r2hfQ9lvCABfffcxdOwKKvgJSA0CFr9eJ7msWjb8J2D2bCWaZqeMLAfYLl69zLLh6cD+cqBuGcnm9gxxk8Y04eaoXnGblnUM1JgXvXcV41hXLNFrLUERZ9BaQEhA652pL9+/2H78LhKXyPyPUo1+tmE/Vw1cHZsE0h7+OR3TzbMoxawflpvI/PNHKtpQ3jedmaAHqG833Ysptn2D5LeHYh+gpICQgd/wYAAP//ljR/K3UXVpgAAAAASUVORK5CYII=,14
115,Modern Sculpture 1,iVBORw0KGgoAAAANSUhEUgAAAEAAAABACAIAAAAlC+aJAAAE+0lEQVR4nOza61NV1RsHcI/uAW8/f3lL84gcL8ykcqeDiMgtCsEgsCM6Dg7UKKIxGZMCAwOBWjAYwYlyQDDAgAq5HenKxZKQQkeRQUhgOAGSHC4GcYcB7VXf74v+gD17Zj+vPpvBs31Y+6z1rGcvYbtOv+DfqDX2gf2mvOHuiB3wRPUx/nzJJHw2pwke6s2AzWP5mb+UboUr3MvhJ9uS4DOe9+G0KxvhsgNfwr7BRvDCBRIPOQGxQ9BuvIsL77/c4EpDFFytvQVn5O+HzZYthnsm/OFvKt6DnQPGYb+c32DDc5lwUVczHP9yIJz/5A/40rYbcOFOBSz5EZATEDsUlT1juDDONYcFsz3wjuGzsPWdm3C02Utw1b5cWFvuAdcLJ+GdTm/AZQ3Pwzb6Odho6SP4cDLXBPd5rgP1at5L8iMgJyB2KEYqWKscKtDA2TH8bugbn8LtDY/hKH/+vKnfBl61/ShcuoXfk5iAEXjF0WK48mojrHZmDXZGd4X/t7UlsEmLBSz5EZATEDuEGeFDXBg2x8EDqw3wsTjO5W6XD8F5Sv7bTY3b4c+KhuHp+9HwhYf/g33tuDeoux0DF5t6we3nlLDVeD1suSgblvwIyAmIHYoGo0FczO54HTZc2AIPBHfCCRpbuG8N6/v14Sq49/go3G3DeqZkSAfv7OK68VHobrhp6Ft4LI17g2qHOvhaLP/ukh8BOQGxQ7HS9gNcqA6ugMc07P84z1+Hg1Lf4u+7WsOti1WwjxX3u4kG1k67lKWwZpBrywkt9wD2k/zO6F5Nh2P0yfCGqndgyY+AnIDYIQT93YqLvInv4TvjX8G/lq+D1y1lbRPoPguf6HGA1UGJ8G6XNjh7jD3QHJcQfn7KAXj4AXusLU/PwU7hX8Dnc0/Bkh8BOQGxQ1FVsgsXzr6p8M2MXFhIZr3ev9kUttCFwvrIB3BhxLuwV0ALHHuKe4lVBavhu6tVsHLJFGx5i/uH65mn4VTj/8OSHwE5AbFDyNJx7u9YzP7M4DT7OYnL98EeraxJkgzs7QxO8p3XEVPWS2YBnNdncq7CoyYJsJPBEi6v5/ojhHHfHJKr5u8MpMGSHwE5AbFDkdnJHmioEeui1HQ+Z8tMg2HHtG7YZyQHXpjHuf/kDRe4L/IgrNzPNafMPRa2WMS9sunKvfClDr6bO1/C9aQvrIH3/U9KEgs5AbFDUfOQc3ztMN+L2b1WBqd2sV5XPeOzeznzBVhXwPdrIw7s57i2/wiHbWC/SD3HvXJxwEV4ySzfMUdNOcIp/c9gfZwvLPkRkBMQOxTWa9mPF/w4726Z43PZbMO9r+fWT+B8H/ZG4x2s4I543sDkIntHMx7cTy+f+RreFPgzXDTPe71/jXuG45E8I6TJ4poj+RGQExA7FAmb2G+pi56HAx1Zr6s/doaTHFmT7HX9Cd5oyz3x296/w991shZKsdHCyk/94EfruM5EBLNeCu/gnjikjXO/WeGfsORHQE5A7BC8/NkLMh7lvFtjz3dV83tYkzy2fxH2bPaEgyvYs58+wrXFTc1zQZ/H83xeehzPFLWZ81xdtxfPySXoeE5pePwwPLigF5b8CMgJiB2KtizWGHYr+Hxrak3grXoVXFO3Bu7exvXhtI5ngZLXc31o1/Md8+3lPB96bymf43tvsgel9X4FnmgogOdqV8I/KHkeSfIjICcgdvwTAAD//8GuhaVbgNM6AAAAAElFTkSuQmCC,15
